group,md5,keep,path
0,ee6e22476c4f669b43d82fa9f5ab2abf,1,dataset/Testing/glioma/Te-gl_129.jpg
0,ee6e22476c4f669b43d82fa9f5ab2abf,0,dataset/Testing/glioma/Te-gl_303.jpg
1,cfe978f4870cfc42980c522bf749de92,1,dataset/Testing/glioma/Te-gl_140.jpg
1,cfe978f4870cfc42980c522bf749de92,0,dataset/Testing/glioma/Te-gl_238.jpg
2,7aec05f6498b98fca1451348adec402c,1,dataset/Testing/glioma/Te-gl_143.jpg
2,7aec05f6498b98fca1451348adec402c,0,dataset/Testing/glioma/Te-gl_72.jpg
3,557074c0f2215c6453fd61461aafc59a,1,dataset/Testing/glioma/Te-gl_144.jpg
3,557074c0f2215c6453fd61461aafc59a,0,dataset/Testing/glioma/Te-gl_59.jpg
4,34d3fec0def3da3459c5f1596f059aef,1,dataset/Testing/glioma/Te-gl_166.jpg
4,34d3fec0def3da3459c5f1596f059aef,0,dataset/Testing/glioma/Te-gl_278.jpg
5,4dc9e3b56a99b7455036ca9247c82817,1,dataset/Testing/glioma/Te-gl_170.jpg
5,4dc9e3b56a99b7455036ca9247c82817,0,dataset/Testing/glioma/Te-gl_178.jpg
6,270039de9ae75d069b6360f6b23c0b8b,1,dataset/Testing/glioma/Te-gl_171.jpg
6,270039de9ae75d069b6360f6b23c0b8b,0,dataset/Testing/glioma/Te-gl_228.jpg
7,61388b0e333fe750b3bd0c7912846625,1,dataset/Testing/glioma/Te-gl_177.jpg
7,61388b0e333fe750b3bd0c7912846625,0,dataset/Testing/glioma/Te-gl_36.jpg
8,716882598588e4671a4cb50eadfc5b88,1,dataset/Testing/glioma/Te-gl_204.jpg
8,716882598588e4671a4cb50eadfc5b88,0,dataset/Testing/glioma/Te-gl_259.jpg
9,845ff201c07a82cd2356769078f83eae,1,dataset/Testing/glioma/Te-gl_212.jpg
9,845ff201c07a82cd2356769078f83eae,0,dataset/Testing/glioma/Te-gl_272.jpg
9,845ff201c07a82cd2356769078f83eae,0,dataset/Testing/glioma/Te-gl_338.jpg
10,caab5859588132c3ebb1fbbfa853e944,1,dataset/Testing/glioma/Te-gl_270.jpg
10,caab5859588132c3ebb1fbbfa853e944,0,dataset/Testing/glioma/Te-gl_29.jpg
11,f998e6cf91b2d4ae9d464510ba184a4f,1,dataset/Testing/glioma/Te-gl_299.jpg
11,f998e6cf91b2d4ae9d464510ba184a4f,0,dataset/Testing/glioma/Te-gl_364.jpg
12,252314e70476470af7835cdfd70bac92,1,dataset/Testing/glioma/Te-gl_32.jpg
12,252314e70476470af7835cdfd70bac92,0,dataset/Testing/glioma/Te-gl_389.jpg
13,698ac9e379771e54f2dd985b1d58f8dd,1,dataset/Testing/meningioma/Te-me_116.jpg
13,698ac9e379771e54f2dd985b1d58f8dd,0,dataset/Testing/meningioma/Te-me_235.jpg
14,784114ee48882bf1b8b7b92a559da83d,1,dataset/Testing/meningioma/Te-me_179.jpg
14,784114ee48882bf1b8b7b92a559da83d,0,dataset/Testing/meningioma/Te-me_198.jpg
15,c3aa5bcdbe44fc74833b7bd86b8d076e,1,dataset/Training/meningioma/Tr-aug-me_89.jpg
15,c3aa5bcdbe44fc74833b7bd86b8d076e,0,dataset/Training/meningioma/Tr-me_889.jpg
16,ef4efdf1a7f3fb1b9efe30ee40525500,1,dataset/Training/meningioma/Tr-aug-me_90.jpg
16,ef4efdf1a7f3fb1b9efe30ee40525500,0,dataset/Training/meningioma/Tr-me_1242.jpg
17,5ac635ab3e61f1897b1e4188fdc1c3f2,1,dataset/Training/meningioma/Tr-aug-me_91.jpg
17,5ac635ab3e61f1897b1e4188fdc1c3f2,0,dataset/Training/meningioma/Tr-me_245.jpg
18,9120f19e559d9f509aa873b5d9b46909,1,dataset/Training/meningioma/Tr-aug-me_92.jpg
18,9120f19e559d9f509aa873b5d9b46909,0,dataset/Training/meningioma/Tr-me_268.jpg
19,b66d2a622c461b978e51d48171ae2980,1,dataset/Training/meningioma/Tr-aug-me_94.jpg
19,b66d2a622c461b978e51d48171ae2980,0,dataset/Training/meningioma/Tr-me_824.jpg
20,9d8e2727154924c2c1f3ff8da042b850,1,dataset/Training/meningioma/Tr-aug-me_95.jpg
20,9d8e2727154924c2c1f3ff8da042b850,0,dataset/Training/meningioma/Tr-me_1295.jpg
21,ceb4361f4ba2f0ee12470a037bc37212,1,dataset/Training/meningioma/Tr-aug-me_97.jpg
21,ceb4361f4ba2f0ee12470a037bc37212,0,dataset/Training/meningioma/Tr-me_532.jpg
22,9e7c7e8d5dc30162f8c4f0c6d68aa71f,1,dataset/Training/meningioma/Tr-aug-me_98.jpg
22,9e7c7e8d5dc30162f8c4f0c6d68aa71f,0,dataset/Training/meningioma/Tr-me_1274.jpg
23,832c3e0243e8fafe4313d899e233285d,1,dataset/Training/meningioma/Tr-me_1094.jpg
23,832c3e0243e8fafe4313d899e233285d,0,dataset/Training/meningioma/Tr-me_219.jpg
24,a501e6ea3748d3aebea8e8735268ec5b,1,dataset/Training/meningioma/Tr-me_1101.jpg
24,a501e6ea3748d3aebea8e8735268ec5b,0,dataset/Training/meningioma/Tr-me_836.jpg
25,af3a4cf5d54bd454b733bfe3d2177b4a,1,dataset/Training/meningioma/Tr-me_339.jpg
25,af3a4cf5d54bd454b733bfe3d2177b4a,0,dataset/Training/meningioma/Tr-me_534.jpg
25,af3a4cf5d54bd454b733bfe3d2177b4a,0,dataset/Training/meningioma/Tr-me_86.jpg
26,333ca271271562e025951545e76a8b0b,1,dataset/Training/meningioma/Tr-me_432.jpg
26,333ca271271562e025951545e76a8b0b,0,dataset/Training/meningioma/Tr-me_561.jpg
27,ab525628d00898aa6b1088d9c1d5a785,1,dataset/Training/meningioma/Tr-me_543.jpg
27,ab525628d00898aa6b1088d9c1d5a785,0,dataset/Training/meningioma/Tr-me_726.jpg
28,71d0f7ccc4fdf4cffccebc64b18c3c9d,1,dataset/Training/notumor/Tr-no_1000.jpg
28,71d0f7ccc4fdf4cffccebc64b18c3c9d,0,dataset/Training/notumor/Tr-no_105.jpg
29,e8cf02f5f074423443117f693bef9a33,1,dataset/Training/notumor/Tr-no_1015.jpg
29,e8cf02f5f074423443117f693bef9a33,0,dataset/Training/notumor/Tr-no_1339.jpg
30,60e765179ae22c1d69cb6c1233f17354,1,dataset/Training/notumor/Tr-no_1016.jpg
30,60e765179ae22c1d69cb6c1233f17354,0,dataset/Training/notumor/Tr-no_819.jpg
31,30833b6b027eb1ca54cdd37ae88213e6,1,dataset/Training/notumor/Tr-no_1021.jpg
31,30833b6b027eb1ca54cdd37ae88213e6,0,dataset/Training/notumor/Tr-no_503.jpg
32,5474914546a6267f70286341ef9c9052,1,dataset/Training/notumor/Tr-no_1023.jpg
32,5474914546a6267f70286341ef9c9052,0,dataset/Training/notumor/Tr-no_400.jpg
33,e0e9fee7b1fe0b3a4fc4af3189e2dc1f,1,dataset/Training/notumor/Tr-no_1039.jpg
33,e0e9fee7b1fe0b3a4fc4af3189e2dc1f,0,dataset/Training/notumor/Tr-no_1385.jpg
33,e0e9fee7b1fe0b3a4fc4af3189e2dc1f,0,dataset/Training/notumor/Tr-no_600.jpg
34,1e98f507c83df39e1aefd1e4c2724d7d,1,dataset/Training/notumor/Tr-no_1046.jpg
34,1e98f507c83df39e1aefd1e4c2724d7d,0,dataset/Training/notumor/Tr-no_454.jpg
35,78c6f2102e0ba73c47a344d2880b4071,1,dataset/Training/notumor/Tr-no_1051.jpg
35,78c6f2102e0ba73c47a344d2880b4071,0,dataset/Training/notumor/Tr-no_1158.jpg
35,78c6f2102e0ba73c47a344d2880b4071,0,dataset/Training/notumor/Tr-no_330.jpg
36,1f6dfa12ce7c3c884d7e2a5a9b802e65,1,dataset/Training/notumor/Tr-no_1061.jpg
36,1f6dfa12ce7c3c884d7e2a5a9b802e65,0,dataset/Training/notumor/Tr-no_1134.jpg
37,f4b4f54022e5d07d1cfecf6868492299,1,dataset/Training/notumor/Tr-no_1062.jpg
37,f4b4f54022e5d07d1cfecf6868492299,0,dataset/Training/notumor/Tr-no_5.jpg
37,f4b4f54022e5d07d1cfecf6868492299,0,dataset/Training/notumor/Tr-no_693.jpg
38,6b3c032ec42efd24bdeb87534f6ce0bd,1,dataset/Training/notumor/Tr-no_1063.jpg
38,6b3c032ec42efd24bdeb87534f6ce0bd,0,dataset/Training/notumor/Tr-no_864.jpg
39,ddc6fd51d45cb3a708c10fb921485ce9,1,dataset/Training/notumor/Tr-no_1070.jpg
39,ddc6fd51d45cb3a708c10fb921485ce9,0,dataset/Training/notumor/Tr-no_412.jpg
40,7c17b4d2dae9f464590fd5ede35aa935,1,dataset/Training/notumor/Tr-no_1077.jpg
40,7c17b4d2dae9f464590fd5ede35aa935,0,dataset/Training/notumor/Tr-no_1400.jpg
41,25faac854458973ea07975165f80c035,1,dataset/Training/notumor/Tr-no_1079.jpg
41,25faac854458973ea07975165f80c035,0,dataset/Training/notumor/Tr-no_129.jpg
41,25faac854458973ea07975165f80c035,0,dataset/Training/notumor/Tr-no_62.jpg
42,9fc3b080c7fe9c1d3927b877b975b5f1,1,dataset/Training/notumor/Tr-no_1083.jpg
42,9fc3b080c7fe9c1d3927b877b975b5f1,0,dataset/Training/notumor/Tr-no_217.jpg
43,7108f7b2a94c8401f13dae47f666b4e1,1,dataset/Training/notumor/Tr-no_1085.jpg
43,7108f7b2a94c8401f13dae47f666b4e1,0,dataset/Training/notumor/Tr-no_692.jpg
43,7108f7b2a94c8401f13dae47f666b4e1,0,dataset/Training/notumor/Tr-no_767.jpg
43,7108f7b2a94c8401f13dae47f666b4e1,0,dataset/Training/notumor/Tr-no_98.jpg
44,d9c32d64bae1e0350522351c6a7cea0b,1,dataset/Training/notumor/Tr-no_109.jpg
44,d9c32d64bae1e0350522351c6a7cea0b,0,dataset/Training/notumor/Tr-no_1183.jpg
44,d9c32d64bae1e0350522351c6a7cea0b,0,dataset/Training/notumor/Tr-no_371.jpg
45,ebd0a54a7b151a9578e4c27c595caffa,1,dataset/Training/notumor/Tr-no_1095.jpg
45,ebd0a54a7b151a9578e4c27c595caffa,0,dataset/Training/notumor/Tr-no_69.jpg
46,c2c5423dd557bd3557a8bd8d4f359acf,1,dataset/Training/notumor/Tr-no_1105.jpg
46,c2c5423dd557bd3557a8bd8d4f359acf,0,dataset/Training/notumor/Tr-no_569.jpg
47,4203b88f2ff81d366a5a4a77674314f6,1,dataset/Training/notumor/Tr-no_1109.jpg
47,4203b88f2ff81d366a5a4a77674314f6,0,dataset/Training/notumor/Tr-no_1380.jpg
48,24e83deaaae9ab0f15565690e474f5fc,1,dataset/Training/notumor/Tr-no_112.jpg
48,24e83deaaae9ab0f15565690e474f5fc,0,dataset/Training/notumor/Tr-no_1178.jpg
48,24e83deaaae9ab0f15565690e474f5fc,0,dataset/Training/notumor/Tr-no_1265.jpg
48,24e83deaaae9ab0f15565690e474f5fc,0,dataset/Training/notumor/Tr-no_308.jpg
48,24e83deaaae9ab0f15565690e474f5fc,0,dataset/Training/notumor/Tr-no_494.jpg
49,b71e64834740e5c0589d52e7145a83f0,1,dataset/Training/notumor/Tr-no_1126.jpg
49,b71e64834740e5c0589d52e7145a83f0,0,dataset/Training/notumor/Tr-no_564.jpg
50,e89ab6994c617c31786bfff5c406d0ab,1,dataset/Training/notumor/Tr-no_1140.jpg
50,e89ab6994c617c31786bfff5c406d0ab,0,dataset/Training/notumor/Tr-no_749.jpg
50,e89ab6994c617c31786bfff5c406d0ab,0,dataset/Training/notumor/Tr-no_931.jpg
51,e450fb2bea94fad366ddebacbe26a4bb,1,dataset/Training/notumor/Tr-no_1145.jpg
51,e450fb2bea94fad366ddebacbe26a4bb,0,dataset/Training/notumor/Tr-no_1234.jpg
51,e450fb2bea94fad366ddebacbe26a4bb,0,dataset/Training/notumor/Tr-no_430.jpg
52,d0ba529e618ee5e2e8bf0f44a9a103c3,1,dataset/Training/notumor/Tr-no_115.jpg
52,d0ba529e618ee5e2e8bf0f44a9a103c3,0,dataset/Training/notumor/Tr-no_1188.jpg
53,1829d716613d6d3022da2f82368071ae,1,dataset/Training/notumor/Tr-no_1154.jpg
53,1829d716613d6d3022da2f82368071ae,0,dataset/Training/notumor/Tr-no_1235.jpg
53,1829d716613d6d3022da2f82368071ae,0,dataset/Training/notumor/Tr-no_1360.jpg
53,1829d716613d6d3022da2f82368071ae,0,dataset/Training/notumor/Tr-no_854.jpg
54,46bdd15e88da99beefcb999aea360457,1,dataset/Training/notumor/Tr-no_116.jpg
54,46bdd15e88da99beefcb999aea360457,0,dataset/Training/notumor/Tr-no_121.jpg
55,84482e0ddc1ea348e987987c7d9252dd,1,dataset/Training/notumor/Tr-no_1179.jpg
55,84482e0ddc1ea348e987987c7d9252dd,0,dataset/Training/notumor/Tr-no_1320.jpg
56,4c8a57ca4fda6790732ae397b23acfa3,1,dataset/Training/notumor/Tr-no_1187.jpg
56,4c8a57ca4fda6790732ae397b23acfa3,0,dataset/Training/notumor/Tr-no_420.jpg
57,ce0edd8064f376cf8360d63c4d9ebdd8,1,dataset/Training/notumor/Tr-no_1190.jpg
57,ce0edd8064f376cf8360d63c4d9ebdd8,0,dataset/Training/notumor/Tr-no_44.jpg
58,9eb9f2c929d940f7333441cf7301f205,1,dataset/Training/notumor/Tr-no_1203.jpg
58,9eb9f2c929d940f7333441cf7301f205,0,dataset/Training/notumor/Tr-no_154.jpg
58,9eb9f2c929d940f7333441cf7301f205,0,dataset/Training/notumor/Tr-no_725.jpg
59,75b704201c2125c4ac02a0acf836802d,1,dataset/Training/notumor/Tr-no_1208.jpg
59,75b704201c2125c4ac02a0acf836802d,0,dataset/Training/notumor/Tr-no_410.jpg
60,e83c5b3fc278777d5a563a2c45f855b1,1,dataset/Training/notumor/Tr-no_1240.jpg
60,e83c5b3fc278777d5a563a2c45f855b1,0,dataset/Training/notumor/Tr-no_990.jpg
61,19e1c11270a5105459a8f52090262d4a,1,dataset/Training/notumor/Tr-no_1244.jpg
61,19e1c11270a5105459a8f52090262d4a,0,dataset/Training/notumor/Tr-no_1392.jpg
61,19e1c11270a5105459a8f52090262d4a,0,dataset/Training/notumor/Tr-no_781.jpg
62,547162f38043fe5cf612896adbaa193e,1,dataset/Training/notumor/Tr-no_1245.jpg
62,547162f38043fe5cf612896adbaa193e,0,dataset/Training/notumor/Tr-no_133.jpg
63,1f23dacaac228811e45af94981be031c,1,dataset/Training/notumor/Tr-no_1267.jpg
63,1f23dacaac228811e45af94981be031c,0,dataset/Training/notumor/Tr-no_380.jpg
63,1f23dacaac228811e45af94981be031c,0,dataset/Training/notumor/Tr-no_387.jpg
64,d4213cadb7fdc260baf35de0ef3072bd,1,dataset/Training/notumor/Tr-no_1281.jpg
64,d4213cadb7fdc260baf35de0ef3072bd,0,dataset/Training/notumor/Tr-no_550.jpg
65,46e6159f43133d0a4739a0f84fa10411,1,dataset/Training/notumor/Tr-no_1288.jpg
65,46e6159f43133d0a4739a0f84fa10411,0,dataset/Training/notumor/Tr-no_831.jpg
65,46e6159f43133d0a4739a0f84fa10411,0,dataset/Training/notumor/Tr-no_863.jpg
66,75378ac81f02855ccf2b17a8492f3941,1,dataset/Training/notumor/Tr-no_1289.jpg
66,75378ac81f02855ccf2b17a8492f3941,0,dataset/Training/notumor/Tr-no_156.jpg
67,55bc232802b2c8122e875919c6ccbcfa,1,dataset/Training/notumor/Tr-no_1290.jpg
67,55bc232802b2c8122e875919c6ccbcfa,0,dataset/Training/notumor/Tr-no_281.jpg
68,c07e4455eaba1aa3be49247aa6129b90,1,dataset/Training/notumor/Tr-no_1291.jpg
68,c07e4455eaba1aa3be49247aa6129b90,0,dataset/Training/notumor/Tr-no_490.jpg
69,fdea69d8f1eaf6ad0933a4e4ba3cc4f6,1,dataset/Training/notumor/Tr-no_1302.jpg
69,fdea69d8f1eaf6ad0933a4e4ba3cc4f6,0,dataset/Training/notumor/Tr-no_341.jpg
70,1b2d322078b0e4fe2357333142491edd,1,dataset/Training/notumor/Tr-no_1309.jpg
70,1b2d322078b0e4fe2357333142491edd,0,dataset/Training/notumor/Tr-no_699.jpg
71,72622502c4407a4cbdc8141151f0e585,1,dataset/Training/notumor/Tr-no_1316.jpg
71,72622502c4407a4cbdc8141151f0e585,0,dataset/Training/notumor/Tr-no_475.jpg
72,9a96042ca9379abbdb7be132cb833221,1,dataset/Training/notumor/Tr-no_1326.jpg
72,9a96042ca9379abbdb7be132cb833221,0,dataset/Training/notumor/Tr-no_411.jpg
73,aa86a91e84f337895ac6c95378e5cc54,1,dataset/Training/notumor/Tr-no_1330.jpg
73,aa86a91e84f337895ac6c95378e5cc54,0,dataset/Training/notumor/Tr-no_825.jpg
74,eaed62da90b11d4efc075a06ac31932d,1,dataset/Training/notumor/Tr-no_1333.jpg
74,eaed62da90b11d4efc075a06ac31932d,0,dataset/Training/notumor/Tr-no_273.jpg
75,86c4da692caccbe369acf7c886626083,1,dataset/Training/notumor/Tr-no_1334.jpg
75,86c4da692caccbe369acf7c886626083,0,dataset/Training/notumor/Tr-no_235.jpg
76,208670d4d74e93c59795a71a6e8edaf1,1,dataset/Training/notumor/Tr-no_1336.jpg
76,208670d4d74e93c59795a71a6e8edaf1,0,dataset/Training/notumor/Tr-no_165.jpg
77,632120a6491595c8f2646222e132159e,1,dataset/Training/notumor/Tr-no_134.jpg
77,632120a6491595c8f2646222e132159e,0,dataset/Training/notumor/Tr-no_255.jpg
78,7f4d91f6e5c91dc0501e9d9562042f58,1,dataset/Training/notumor/Tr-no_1346.jpg
78,7f4d91f6e5c91dc0501e9d9562042f58,0,dataset/Training/notumor/Tr-no_889.jpg
79,33545775c68d06694c0cd52a399584a7,1,dataset/Training/notumor/Tr-no_1374.jpg
79,33545775c68d06694c0cd52a399584a7,0,dataset/Training/notumor/Tr-no_840.jpg
80,3c6fa0ae2ede310bc6dc2dd7a6fbbaa3,1,dataset/Training/notumor/Tr-no_1379.jpg
80,3c6fa0ae2ede310bc6dc2dd7a6fbbaa3,0,dataset/Training/notumor/Tr-no_810.jpg
81,e8987ab719f704faf79a88816c763226,1,dataset/Training/notumor/Tr-no_138.jpg
81,e8987ab719f704faf79a88816c763226,0,dataset/Training/notumor/Tr-no_1383.jpg
82,382a309c1662909431e041df2e825b7e,1,dataset/Training/notumor/Tr-no_1390.jpg
82,382a309c1662909431e041df2e825b7e,0,dataset/Training/notumor/Tr-no_565.jpg
83,05fe39a899414d2dab6cad25c301b32c,1,dataset/Training/notumor/Tr-no_1393.jpg
83,05fe39a899414d2dab6cad25c301b32c,0,dataset/Training/notumor/Tr-no_642.jpg
84,92d345cb0e551329cb0ab0041b1d531f,1,dataset/Training/notumor/Tr-no_1395.jpg
84,92d345cb0e551329cb0ab0041b1d531f,0,dataset/Training/notumor/Tr-no_17.jpg
85,c6aa58f0d3713e5aec0cf8b373ba02e5,1,dataset/Training/notumor/Tr-no_1397.jpg
85,c6aa58f0d3713e5aec0cf8b373ba02e5,0,dataset/Training/notumor/Tr-no_660.jpg
86,b9504d1f84629a48b2de81a52aa0468a,1,dataset/Training/notumor/Tr-no_1398.jpg
86,b9504d1f84629a48b2de81a52aa0468a,0,dataset/Training/notumor/Tr-no_516.jpg
87,e5437347d710af8e850b85b3680e7f9b,1,dataset/Training/notumor/Tr-no_14.jpg
87,e5437347d710af8e850b85b3680e7f9b,0,dataset/Training/notumor/Tr-no_48.jpg
88,bbe4e3817fcf574daf45adf8a2915106,1,dataset/Training/notumor/Tr-no_168.jpg
88,bbe4e3817fcf574daf45adf8a2915106,0,dataset/Training/notumor/Tr-no_230.jpg
88,bbe4e3817fcf574daf45adf8a2915106,0,dataset/Training/notumor/Tr-no_738.jpg
89,fe2231f523d6d1cabd4670f11b829773,1,dataset/Training/notumor/Tr-no_194.jpg
89,fe2231f523d6d1cabd4670f11b829773,0,dataset/Training/notumor/Tr-no_219.jpg
90,0cc82102690c7ecbba7b211e9dca4da6,1,dataset/Training/notumor/Tr-no_224.jpg
90,0cc82102690c7ecbba7b211e9dca4da6,0,dataset/Training/notumor/Tr-no_232.jpg
90,0cc82102690c7ecbba7b211e9dca4da6,0,dataset/Training/notumor/Tr-no_29.jpg
91,665bf16ea1489fb798ee0dd3acaade79,1,dataset/Training/notumor/Tr-no_250.jpg
91,665bf16ea1489fb798ee0dd3acaade79,0,dataset/Training/notumor/Tr-no_472.jpg
92,bdad00de17000453a6986b7064548f21,1,dataset/Training/notumor/Tr-no_280.jpg
92,bdad00de17000453a6986b7064548f21,0,dataset/Training/notumor/Tr-no_448.jpg
93,a83cb7f08470fe605a874d75e12aec8a,1,dataset/Training/notumor/Tr-no_293.jpg
93,a83cb7f08470fe605a874d75e12aec8a,0,dataset/Training/notumor/Tr-no_60.jpg
94,8d5cb4ac464ba805ec639f4c38da6191,1,dataset/Training/notumor/Tr-no_304.jpg
94,8d5cb4ac464ba805ec639f4c38da6191,0,dataset/Training/notumor/Tr-no_916.jpg
95,342b29d63e0103afbe3fab52b8536af2,1,dataset/Training/notumor/Tr-no_315.jpg
95,342b29d63e0103afbe3fab52b8536af2,0,dataset/Training/notumor/Tr-no_8.jpg
95,342b29d63e0103afbe3fab52b8536af2,0,dataset/Training/notumor/Tr-no_935.jpg
96,d3692b5c51d63ded1b913019a2027789,1,dataset/Training/notumor/Tr-no_349.jpg
96,d3692b5c51d63ded1b913019a2027789,0,dataset/Training/notumor/Tr-no_779.jpg
97,f026747e5401d8a361e0566ad9166b5d,1,dataset/Training/notumor/Tr-no_356.jpg
97,f026747e5401d8a361e0566ad9166b5d,0,dataset/Training/notumor/Tr-no_463.jpg
98,aefc8e18544fc436f74fb90128910a57,1,dataset/Training/notumor/Tr-no_388.jpg
98,aefc8e18544fc436f74fb90128910a57,0,dataset/Training/notumor/Tr-no_636.jpg
99,7ce25d17c7839af995b51e5e308cbd08,1,dataset/Training/notumor/Tr-no_40.jpg
99,7ce25d17c7839af995b51e5e308cbd08,0,dataset/Training/notumor/Tr-no_581.jpg
100,4a22015417b3ab93cd89679e4fa22129,1,dataset/Training/notumor/Tr-no_421.jpg
100,4a22015417b3ab93cd89679e4fa22129,0,dataset/Training/notumor/Tr-no_582.jpg
101,8039b6fdb903c359232053b858fca09f,1,dataset/Training/notumor/Tr-no_423.jpg
101,8039b6fdb903c359232053b858fca09f,0,dataset/Training/notumor/Tr-no_63.jpg
102,570dac1fc1d035ab025b3132a5b653ae,1,dataset/Training/notumor/Tr-no_43.jpg
102,570dac1fc1d035ab025b3132a5b653ae,0,dataset/Training/notumor/Tr-no_963.jpg
103,bc7e75fa5d8cff54b445b79275272d54,1,dataset/Training/notumor/Tr-no_433.jpg
103,bc7e75fa5d8cff54b445b79275272d54,0,dataset/Training/notumor/Tr-no_492.jpg
104,961071052eb301a3e0cd452df5cfa975,1,dataset/Training/notumor/Tr-no_435.jpg
104,961071052eb301a3e0cd452df5cfa975,0,dataset/Training/notumor/Tr-no_755.jpg
105,b6ce0a54d799d61f77617809c5e78ef2,1,dataset/Training/notumor/Tr-no_447.jpg
105,b6ce0a54d799d61f77617809c5e78ef2,0,dataset/Training/notumor/Tr-no_720.jpg
105,b6ce0a54d799d61f77617809c5e78ef2,0,dataset/Training/notumor/Tr-no_839.jpg
106,2e793e328d071f0be0cd3a7445d15dc6,1,dataset/Training/notumor/Tr-no_455.jpg
106,2e793e328d071f0be0cd3a7445d15dc6,0,dataset/Training/notumor/Tr-no_866.jpg
107,2979f0422f022037f032b69fda8cbcba,1,dataset/Training/notumor/Tr-no_473.jpg
107,2979f0422f022037f032b69fda8cbcba,0,dataset/Training/notumor/Tr-no_778.jpg
108,564d3b81b447a6a62883e7a8bc5476cf,1,dataset/Training/notumor/Tr-no_486.jpg
108,564d3b81b447a6a62883e7a8bc5476cf,0,dataset/Training/notumor/Tr-no_920.jpg
109,6142acdc1f1b32e31ea0f73324b5f356,1,dataset/Training/notumor/Tr-no_493.jpg
109,6142acdc1f1b32e31ea0f73324b5f356,0,dataset/Training/notumor/Tr-no_664.jpg
110,4295eee904f5e6c205b01cbae01efab6,1,dataset/Training/notumor/Tr-no_499.jpg
110,4295eee904f5e6c205b01cbae01efab6,0,dataset/Training/notumor/Tr-no_734.jpg
111,40881ffd0417f7d60164cbec5265be37,1,dataset/Training/notumor/Tr-no_518.jpg
111,40881ffd0417f7d60164cbec5265be37,0,dataset/Training/notumor/Tr-no_92.jpg
112,7ab84ada9eeadbc4f93ae1afcf38628b,1,dataset/Training/notumor/Tr-no_524.jpg
112,7ab84ada9eeadbc4f93ae1afcf38628b,0,dataset/Training/notumor/Tr-no_617.jpg
113,b57daf6bdf4eba86d249368f83891067,1,dataset/Training/notumor/Tr-no_540.jpg
113,b57daf6bdf4eba86d249368f83891067,0,dataset/Training/notumor/Tr-no_753.jpg
114,f6a666f3aad6223c98e59c677b06310c,1,dataset/Training/notumor/Tr-no_56.jpg
114,f6a666f3aad6223c98e59c677b06310c,0,dataset/Training/notumor/Tr-no_73.jpg
115,d52e77fd0e12cfd96d437f00bce28eef,1,dataset/Training/notumor/Tr-no_577.jpg
115,d52e77fd0e12cfd96d437f00bce28eef,0,dataset/Training/notumor/Tr-no_764.jpg
116,2c7025438fab31a227acfa917e126d33,1,dataset/Training/notumor/Tr-no_58.jpg
116,2c7025438fab31a227acfa917e126d33,0,dataset/Training/notumor/Tr-no_906.jpg
117,9fd7bb93bb0e52f47db21ccdc091a9fc,1,dataset/Training/notumor/Tr-no_588.jpg
117,9fd7bb93bb0e52f47db21ccdc091a9fc,0,dataset/Training/notumor/Tr-no_989.jpg
118,06c3e21e888012e7845da47b26b742e8,1,dataset/Training/notumor/Tr-no_649.jpg
118,06c3e21e888012e7845da47b26b742e8,0,dataset/Training/notumor/Tr-no_817.jpg
119,0abe34033d22367d0fe55445050a6f7e,1,dataset/Training/notumor/Tr-no_673.jpg
119,0abe34033d22367d0fe55445050a6f7e,0,dataset/Training/notumor/Tr-no_995.jpg
120,43a7b114cc14ecb127e3feb427e8a2dc,1,dataset/Training/notumor/Tr-no_721.jpg
120,43a7b114cc14ecb127e3feb427e8a2dc,0,dataset/Training/notumor/Tr-no_81.jpg
121,d966ed9f01d9fac152e7a4bed63ac281,1,dataset/Training/notumor/Tr-no_750.jpg
121,d966ed9f01d9fac152e7a4bed63ac281,0,dataset/Training/notumor/Tr-no_843.jpg
122,713df8b9d91cb6721c6e2478df82fc02,1,dataset/Training/notumor/Tr-no_766.jpg
122,713df8b9d91cb6721c6e2478df82fc02,0,dataset/Training/notumor/Tr-no_967.jpg
123,7be661c7ec1d3c648894b51bb7ffdf3e,1,dataset/Training/notumor/Tr-no_880.jpg
123,7be661c7ec1d3c648894b51bb7ffdf3e,0,dataset/Training/notumor/Tr-no_918.jpg
124,61d0aeacb5768eca8d91ed7915c5648b,1,dataset/Training/notumor/Tr-no_933.jpg
124,61d0aeacb5768eca8d91ed7915c5648b,0,dataset/Training/notumor/Tr-no_969.jpg
125,51e083128ee310d25cab89a4b175624b,1,dataset/Training/pituitary/Tr-pi_1071.jpg
125,51e083128ee310d25cab89a4b175624b,0,dataset/Training/pituitary/Tr-pi_1207.jpg
125,51e083128ee310d25cab89a4b175624b,0,dataset/Training/pituitary/Tr-pi_991.jpg
126,0140560cc9a91abc3e62e9e1bec6c5ea,1,dataset/Training/pituitary/Tr-pi_1098.jpg
126,0140560cc9a91abc3e62e9e1bec6c5ea,0,dataset/Training/pituitary/Tr-pi_1155.jpg
127,45e8c308a42e1995239b2934f71bace3,1,dataset/Training/pituitary/Tr-pi_1122.jpg
127,45e8c308a42e1995239b2934f71bace3,0,dataset/Training/pituitary/Tr-pi_1196.jpg
127,45e8c308a42e1995239b2934f71bace3,0,dataset/Training/pituitary/Tr-pi_943.jpg
128,e3ba2a330b921704ecae3a47624106e3,1,dataset/Training/pituitary/Tr-pi_1154.jpg
128,e3ba2a330b921704ecae3a47624106e3,0,dataset/Training/pituitary/Tr-pi_1211.jpg
128,e3ba2a330b921704ecae3a47624106e3,0,dataset/Training/pituitary/Tr-pi_1339.jpg
128,e3ba2a330b921704ecae3a47624106e3,0,dataset/Training/pituitary/Tr-pi_160.jpg
129,3665fdf79547807d98e5053427a45a98,1,dataset/Training/pituitary/Tr-pi_1181.jpg
129,3665fdf79547807d98e5053427a45a98,0,dataset/Training/pituitary/Tr-pi_668.jpg
130,6c9fee8d2f733b06b500a0ab9d0c3fd3,1,dataset/Training/pituitary/Tr-pi_1187.jpg
130,6c9fee8d2f733b06b500a0ab9d0c3fd3,0,dataset/Training/pituitary/Tr-pi_384.jpg
130,6c9fee8d2f733b06b500a0ab9d0c3fd3,0,dataset/Training/pituitary/Tr-pi_863.jpg
131,680022005ea0acdf17c86efc8f81b931,1,dataset/Training/pituitary/Tr-pi_120.jpg
131,680022005ea0acdf17c86efc8f81b931,0,dataset/Training/pituitary/Tr-pi_763.jpg
132,ca3ad7e6cd4825a0d5cff84d11757bed,1,dataset/Training/pituitary/Tr-pi_1209.jpg
132,ca3ad7e6cd4825a0d5cff84d11757bed,0,dataset/Training/pituitary/Tr-pi_1352.jpg
133,72767d52cc2aad37a5cfb24ff23bb06a,1,dataset/Training/pituitary/Tr-pi_1252.jpg
133,72767d52cc2aad37a5cfb24ff23bb06a,0,dataset/Training/pituitary/Tr-pi_461.jpg
133,72767d52cc2aad37a5cfb24ff23bb06a,0,dataset/Training/pituitary/Tr-pi_528.jpg
134,b6276f725b9a3661ea24de2d01adf881,1,dataset/Training/pituitary/Tr-pi_1309.jpg
134,b6276f725b9a3661ea24de2d01adf881,0,dataset/Training/pituitary/Tr-pi_261.jpg
135,690f2c41084c1b8727b1c51812153004,1,dataset/Training/pituitary/Tr-pi_132.jpg
135,690f2c41084c1b8727b1c51812153004,0,dataset/Training/pituitary/Tr-pi_564.jpg
136,b612aa0d702020c3dd896f4294000a02,1,dataset/Training/pituitary/Tr-pi_1323.jpg
136,b612aa0d702020c3dd896f4294000a02,0,dataset/Training/pituitary/Tr-pi_984.jpg
137,58e47a3e12d09d40c54a8672b481c175,1,dataset/Training/pituitary/Tr-pi_1399.jpg
137,58e47a3e12d09d40c54a8672b481c175,0,dataset/Training/pituitary/Tr-pi_195.jpg
138,667db113b8954435f1ceab3122f5b296,1,dataset/Training/pituitary/Tr-pi_163.jpg
138,667db113b8954435f1ceab3122f5b296,0,dataset/Training/pituitary/Tr-pi_504.jpg
139,008c98403b057fc344bf0a9f2e7de6c2,1,dataset/Training/pituitary/Tr-pi_17.jpg
139,008c98403b057fc344bf0a9f2e7de6c2,0,dataset/Training/pituitary/Tr-pi_306.jpg
140,99e0890275f773a6baa17d02fc0bdefb,1,dataset/Training/pituitary/Tr-pi_193.jpg
140,99e0890275f773a6baa17d02fc0bdefb,0,dataset/Training/pituitary/Tr-pi_812.jpg
141,05c3caea567ffd77caf79c12654b87e5,1,dataset/Training/pituitary/Tr-pi_221.jpg
141,05c3caea567ffd77caf79c12654b87e5,0,dataset/Training/pituitary/Tr-pi_430.jpg
141,05c3caea567ffd77caf79c12654b87e5,0,dataset/Training/pituitary/Tr-pi_883.jpg
142,b7f875bedfac719015cc81bc888151b3,1,dataset/Training/pituitary/Tr-pi_246.jpg
142,b7f875bedfac719015cc81bc888151b3,0,dataset/Training/pituitary/Tr-pi_698.jpg
142,b7f875bedfac719015cc81bc888151b3,0,dataset/Training/pituitary/Tr-pi_969.jpg
143,15cf7ebeefbbb7e57abf759acc3af7ef,1,dataset/Training/pituitary/Tr-pi_285.jpg
143,15cf7ebeefbbb7e57abf759acc3af7ef,0,dataset/Training/pituitary/Tr-pi_962.jpg
144,00748c6aaa5c199b07f8fa7140fc19c1,1,dataset/Training/pituitary/Tr-pi_286.jpg
144,00748c6aaa5c199b07f8fa7140fc19c1,0,dataset/Training/pituitary/Tr-pi_397.jpg
145,406052e058bc64ffed1f9c9e2b65687c,1,dataset/Training/pituitary/Tr-pi_311.jpg
145,406052e058bc64ffed1f9c9e2b65687c,0,dataset/Training/pituitary/Tr-pi_320.jpg
146,dcd64c030193c4b3a8a69460e4906807,1,dataset/Training/pituitary/Tr-pi_356.jpg
146,dcd64c030193c4b3a8a69460e4906807,0,dataset/Training/pituitary/Tr-pi_759.jpg
146,dcd64c030193c4b3a8a69460e4906807,0,dataset/Training/pituitary/Tr-pi_77.jpg
147,4e5a8e1b13dce709484145eb0ac3ce70,1,dataset/Training/pituitary/Tr-pi_396.jpg
147,4e5a8e1b13dce709484145eb0ac3ce70,0,dataset/Training/pituitary/Tr-pi_476.jpg
148,37d9b2e8f32519fba8e67ef120bb343e,1,dataset/Training/pituitary/Tr-pi_405.jpg
148,37d9b2e8f32519fba8e67ef120bb343e,0,dataset/Training/pituitary/Tr-pi_634.jpg
148,37d9b2e8f32519fba8e67ef120bb343e,0,dataset/Training/pituitary/Tr-pi_928.jpg
149,7aace426ed99cbee63e3f7fb55465590,1,dataset/Training/pituitary/Tr-pi_410.jpg
149,7aace426ed99cbee63e3f7fb55465590,0,dataset/Training/pituitary/Tr-pi_515.jpg
150,9ac2bb858e51e57e9652feba3728004e,1,dataset/Training/pituitary/Tr-pi_464.jpg
150,9ac2bb858e51e57e9652feba3728004e,0,dataset/Training/pituitary/Tr-pi_75.jpg
151,37467cc9d034a9213e185a0790a0a6b3,1,dataset/Training/pituitary/Tr-pi_542.jpg
151,37467cc9d034a9213e185a0790a0a6b3,0,dataset/Training/pituitary/Tr-pi_857.jpg
152,37f42c6a8b3782e3fe33c00e570ad7fe,1,dataset/Training/pituitary/Tr-pi_805.jpg
152,37f42c6a8b3782e3fe33c00e570ad7fe,0,dataset/Training/pituitary/Tr-pi_878.jpg
